participant,session,block,family,n_trials,n_correct,n_timeouts,accuracy,rt_mean,rt_median,rt_sd,rt_mean_correct
p06,1,1,expansion,8,7,0,0.875,4.54442298412323,4.11234712600708,2.302639393211445,4.025557926722935
p06,1,2,arithmetic,8,8,0,1.0,3.9143156111240387,3.372158408164978,1.3946777921896407,3.9143156111240387
p06,1,3,recolor,8,5,1,0.625,6.352286406925747,6.633444786071777,1.4386311855416705,6.18802056312561
p06,1,4,occlusion,8,4,1,0.5,6.232480594090053,6.859444618225098,1.463096256028929,5.313119173049927
p06,1,5,attraction,8,6,0,0.75,4.7385373413562775,4.110382676124573,2.2644681027183937,4.3810432354609175
p06,2,1,expansion,8,7,0,0.875,5.365907847881317,5.387521147727966,3.5956169954451633,4.779356922422137
p06,2,2,arithmetic,8,8,0,1.0,4.708143353462219,4.450524926185608,1.0739376311271052,4.708143353462219
p06,2,3,recolor,8,6,0,0.75,7.219141036272049,7.209336042404175,1.3878298165111225,7.397516528765361
p06,2,4,occlusion,8,6,0,0.75,6.228211969137192,6.4952614307403564,1.4249000215567473,6.000213265419006
p06,2,5,attraction,8,8,0,1.0,3.1246353089809418,2.932242751121521,0.798704830744563,3.1246353089809418
p06,3,1,arithmetic,8,8,0,1.0,4.46999317407608,4.568047523498535,0.9466283554309692,4.46999317407608
p06,3,2,occlusion,8,8,0,1.0,3.5660948753356934,3.1858829259872437,1.2366136001643415,3.5660948753356934
p06,3,3,attraction,8,7,0,0.875,3.1142323315143585,3.089624285697937,0.9706739882072022,3.1065530436379567
p06,3,4,expansion,8,8,0,1.0,3.5885388255119324,3.3788604736328125,2.4602847182395955,3.5885388255119324
p06,3,5,recolor,8,6,0,0.75,4.9885593354702,4.572674036026001,1.1998200694259544,5.252782980600993
p06,4,1,recolor,8,8,0,1.0,3.8730874061584473,3.932037830352783,0.6141995801199271,3.8730874061584473
p06,4,2,expansion,8,8,0,1.0,1.901456207036972,1.8477375507354736,0.45059249365000814,1.901456207036972
p06,4,3,attraction,8,6,0,0.75,2.9894908666610718,3.087454319000244,0.4502200784850144,2.9159550269444785
p06,4,4,occlusion,8,6,0,0.75,3.8234627842903137,3.6225788593292236,1.5429705125379112,3.455114483833313
p06,4,5,arithmetic,8,8,0,1.0,3.067890077829361,3.076099157333374,0.8559676903859288,3.067890077829361
p06,5,1,recolor,8,5,0,0.625,5.200417369604111,5.268628478050232,1.8466774670650998,4.2363929271698
p06,5,2,attraction,8,7,0,0.875,2.299668461084366,2.2791249752044678,0.30000366433688763,2.2782601628984724
p06,5,3,expansion,8,8,0,1.0,2.6249589323997498,2.6920353174209595,0.8602587182947026,2.6249589323997498
p06,5,4,occlusion,8,8,0,1.0,4.594012290239334,5.010449409484863,1.3355600961760952,4.594012290239334
p06,5,5,arithmetic,8,8,0,1.0,3.4651184678077698,3.0309311151504517,1.094424166285013,3.4651184678077698
p06,6,1,arithmetic,8,8,0,1.0,2.4258061051368713,2.3074610233306885,0.6545695223387076,2.4258061051368713
p06,6,2,occlusion,8,7,0,0.875,3.5951001346111298,3.6282918453216553,0.6299713330617828,3.7300022670200894
p06,6,3,expansion,8,8,0,1.0,1.1251187324523926,0.9801374673843384,0.3747023510787399,1.1251187324523926
p06,6,4,attraction,8,6,0,0.75,2.5640803277492523,2.445611000061035,0.7708615834535302,2.2045280933380127
p06,6,5,recolor,8,8,0,1.0,3.564574658870697,3.271009087562561,0.9848417623637691,3.564574658870697
p08,1,1,attraction,8,5,1,0.625,5.998187405722482,6.036304950714111,2.132576841770474,4.92839035987854
p08,1,2,occlusion,8,7,0,0.875,3.30074480175972,3.2314220666885376,1.6130097382679864,3.274953876222883
p08,1,3,expansion,8,8,0,1.0,3.5328922867774963,2.925325036048889,1.2307174782830121,3.5328922867774963
p08,1,4,arithmetic,8,8,0,1.0,4.734327435493469,4.860989212989807,1.5165497000107864,4.734327435493469
p08,1,5,recolor,8,8,0,1.0,4.137540578842163,3.76088547706604,1.8100768616460212,4.137540578842163
p08,2,1,recolor,8,7,0,0.875,3.5621776282787323,3.5683484077453613,1.149617430486392,3.499504974910191
p08,2,2,arithmetic,8,8,0,1.0,4.108374118804932,3.7463968992233276,1.127427237382083,4.108374118804932
p08,2,3,attraction,8,8,0,1.0,2.198292523622513,2.2022517919540405,0.6770380572725222,2.198292523622513
p08,2,4,occlusion,8,6,0,0.75,5.830593258142471,6.154206991195679,2.1673337486572963,5.330180724461873
p08,2,5,expansion,8,8,0,1.0,2.867841809988022,2.740790843963623,1.5931769566686562,2.867841809988022
p08,3,1,expansion,8,8,0,1.0,3.3156623244285583,2.769901752471924,2.1331903203632043,3.3156623244285583
p08,3,2,arithmetic,8,8,0,1.0,4.105007767677307,3.899956464767456,1.4767856905892696,4.105007767677307
p08,3,3,attraction,8,6,0,0.75,3.9055016338825226,2.8148680925369263,3.2596100461361504,2.710558613141378
p08,3,4,occlusion,8,7,0,0.875,4.221364736557007,4.274461507797241,1.5369960070499813,3.834286996296474
p08,3,5,recolor,8,7,1,0.875,5.766569716589792,5.546951055526733,2.1110248462021075,5.766569716589792
p08,4,1,recolor,8,5,0,0.625,5.977968335151672,6.571415066719055,2.2616533048125844,5.742843389511108
p08,4,2,arithmetic,8,8,0,1.0,5.295218884944916,5.553410291671753,1.3119732264031205,5.295218884944916
p08,4,3,attraction,8,8,0,1.0,4.253348618745804,4.285357117652893,1.2540193635166432,4.253348618745804
p08,4,4,occlusion,8,8,0,1.0,3.5164215564727783,3.4457868337631226,0.9756591949505699,3.5164215564727783
p08,4,5,expansion,8,8,0,1.0,2.8436005115509033,2.4374207258224487,1.6646292246843635,2.8436005115509033
p08,5,1,arithmetic,8,8,0,1.0,4.18791463971138,3.7175211906433105,1.7354890213680991,4.18791463971138
p08,5,2,occlusion,8,7,0,0.875,6.1289092898368835,6.642314791679382,2.243188548954527,5.85817950112479
p08,5,3,recolor,8,5,0,0.625,5.173121631145477,5.073616981506348,2.2041346994757736,4.070173263549805
p08,5,4,attraction,8,7,0,0.875,2.1174852550029755,1.928600788116455,1.641015981047914,2.4197477272578647
p08,5,5,expansion,8,8,0,1.0,2.1595986783504486,1.7636051177978516,0.9531796632182196,2.1595986783504486
p08,6,1,recolor,8,5,0,0.625,2.834281802177429,2.8961156606674194,1.0743545648643378,3.087631416320801
p08,6,2,occlusion,8,7,0,0.875,5.1354014575481415,5.797241806983948,2.1126558680786722,4.901571103504726
p08,6,3,expansion,8,8,0,1.0,1.9485741555690765,1.9112077951431274,0.8072422443663161,1.9485741555690765
p08,6,4,attraction,8,7,0,0.875,3.1747008860111237,3.1246010065078735,1.4383768954501086,2.7169952051980153
p08,6,5,arithmetic,8,8,0,1.0,4.000062555074692,4.048269748687744,1.934638601992124,4.000062555074692
p08,7,1,attraction,8,8,0,1.0,3.74409157037735,3.7523356676101685,1.1481982125674164,3.74409157037735
p08,7,2,expansion,8,8,0,1.0,1.4189413189888,1.4009621143341064,0.7400780480618003,1.4189413189888
p08,7,3,occlusion,8,7,0,0.875,3.9854701161384583,4.242101550102234,1.0163262686665822,3.9976883956364224
p08,7,4,arithmetic,8,8,0,1.0,2.811436742544174,2.920578360557556,1.0160492129450271,2.811436742544174
p08,7,5,recolor,8,7,0,0.875,3.648690104484558,3.4967072010040283,1.4945565159747092,3.78990490095956
p08,8,1,attraction,8,8,0,1.0,3.702723115682602,2.9425466060638428,1.51386105003458,3.702723115682602
p08,8,2,expansion,8,8,0,1.0,1.792854368686676,1.8709930181503296,0.873343059969067,1.792854368686676
p08,8,3,occlusion,8,8,0,1.0,3.5411825478076935,3.5816712379455566,1.5130902574068712,3.5411825478076935
p08,8,4,arithmetic,8,8,0,1.0,3.9121623933315277,3.774698495864868,1.509475042227463,3.9121623933315277
p08,8,5,recolor,8,8,0,1.0,3.0123617947101593,3.0430428981781006,1.0797913580950478,3.0123617947101593
p09,1,1,occlusion,8,6,0,0.75,7.471404314041138,7.472092390060425,2.1367633001328037,7.451260407765706
p09,1,2,expansion,8,8,0,1.0,3.403470993041992,3.124301314353943,1.6991570436511712,3.403470993041992
p09,1,3,arithmetic,8,3,1,0.375,6.089141198566982,6.7956647872924805,3.1029822878626896,4.813112099965413
p09,1,4,attraction,8,7,0,0.875,5.871891379356384,5.900795340538025,1.9324092142471387,5.413324219839914
p09,1,5,recolor,8,7,0,0.875,6.776045083999634,6.704121232032776,1.1774650053150781,6.578853028161185
p09,2,1,arithmetic,8,4,0,0.5,2.3423314690589905,1.6988587379455566,1.3980446820145913,2.6673261523246765
p09,2,2,expansion,8,7,0,0.875,2.9956224858760834,2.606320858001709,1.6689365312621662,3.2777136734553745
p09,2,3,recolor,8,7,0,0.875,3.8695112764835358,4.557799816131592,1.7057534127053138,4.410470145089286
p09,2,4,attraction,8,5,1,0.625,5.893696750913348,5.535920858383179,1.865384609546013,5.55817756652832
p09,2,5,occlusion,8,7,0,0.875,5.686911344528198,6.187442302703857,1.7311999466938646,5.473146370479038
p09,3,1,expansion,8,7,0,0.875,3.1286352276802063,2.790205240249634,1.6919566084696376,2.7560466698237827
p09,3,2,arithmetic,8,5,0,0.625,3.4596883356571198,3.4522517919540405,1.0287406259249374,3.773595952987671
p09,3,3,occlusion,8,2,3,0.25,7.0331932544708256,7.314294099807739,1.8287486858520932,7.26342499256134
p09,3,4,recolor,8,3,2,0.375,4.581960678100586,5.332110524177551,2.512937832259332,3.513496160507202
p09,3,5,attraction,8,5,2,0.625,5.551008939743042,5.692651152610779,3.6409850606415626,5.248722887039184
p09,4,1,occlusion,8,8,0,1.0,5.114516079425812,5.05777645111084,1.4377000668081288,5.114516079425812
p09,4,2,recolor,8,3,2,0.375,6.610549887021382,7.624486804008484,3.349791236366984,8.505995432535807
p09,4,3,expansion,8,8,0,1.0,2.877044230699539,2.869710326194763,1.356408683892415,2.877044230699539
p09,4,4,arithmetic,8,4,0,0.5,4.136203020811081,3.8394277095794678,1.5257948305560567,4.6269285678863525
p09,4,5,attraction,8,5,1,0.625,4.677176884242466,5.2748284339904785,2.607421584083275,3.8022670269012453
p09,5,1,occlusion,8,5,1,0.625,7.474725178309849,7.20141863822937,1.6866481291997601,6.794696569442749
p09,5,2,expansion,8,8,0,1.0,2.0916942358016968,1.9899975061416626,0.47616226525529143,2.0916942358016968
p09,5,3,arithmetic,8,3,0,0.375,3.701964318752289,2.7500699758529663,1.9279413589988477,2.204823096593221
p09,5,4,recolor,8,5,1,0.625,5.414954560143607,5.525909900665283,2.628338686673382,6.146399450302124
p09,5,5,attraction,8,4,2,0.5,5.19030745824178,6.010750889778137,3.3204056785271003,3.9486111998558044
p09,6,1,occlusion,8,6,0,0.75,6.624062478542328,7.505144953727722,2.117707748752127,6.074648539225261
p09,6,2,expansion,8,8,0,1.0,2.2214584946632385,2.2007179260253906,0.5973013191956545,2.2214584946632385
p09,6,3,attraction,8,8,0,1.0,3.3504216074943542,3.0079808235168457,1.1936627761553724,3.3504216074943542
p09,6,4,recolor,8,4,1,0.5,6.688614538737705,7.018730163574219,2.2228490573463,5.867870569229126
p09,6,5,arithmetic,8,4,0,0.5,1.8068897426128387,1.7127681970596313,0.8346683022443624,2.1005855202674866
p09,7,1,expansion,8,8,0,1.0,2.1882023215293884,1.921311855316162,0.6803829285767786,2.1882023215293884
p09,7,2,attraction,8,8,0,1.0,5.202487200498581,5.199050664901733,1.911745946570483,5.202487200498581
p09,7,3,recolor,8,4,1,0.5,6.21984076499939,6.615830898284912,1.3950619109580875,5.912208795547485
p09,7,4,arithmetic,8,6,0,0.75,1.6787638068199158,1.6431236267089844,0.44224502407658983,1.7181025346120198
p09,7,5,occlusion,8,6,1,0.75,5.14829547064645,6.171979665756226,2.9687926631979744,4.644604126612346
p09,8,1,occlusion,8,6,1,0.75,5.151913131986346,5.258678197860718,2.416757765059905,5.134118954340617
p09,8,2,attraction,8,6,1,0.75,4.966275794165475,4.919044017791748,2.565051601197371,5.772140423456828
p09,8,3,expansion,8,8,0,1.0,3.212381422519684,3.141253352165222,1.331119360505892,3.212381422519684
p09,8,4,arithmetic,8,2,0,0.25,1.662597268819809,1.7186423540115356,0.27348684327246275,1.3780622482299805
p09,8,5,recolor,8,7,0,0.875,4.9597112238407135,5.317739844322205,1.0697202936576027,4.799353974206107
p10,1,1,recolor,8,6,0,0.75,5.611949056386948,5.325180768966675,1.5682714499648276,4.879250009854634
p10,1,2,occlusion,8,6,0,0.75,3.916719287633896,3.7996513843536377,0.390606611122059,3.753573695818583
p10,1,3,attraction,8,8,0,1.0,2.8758119642734528,2.289905071258545,1.7368558294349026,2.8758119642734528
p10,1,4,arithmetic,8,8,0,1.0,5.1190919280052185,5.329553246498108,1.4882359151848001,5.1190919280052185
p10,1,5,expansion,8,8,0,1.0,2.0284082889556885,2.0464706420898438,0.6798009264905869,2.0284082889556885
p10,2,1,expansion,8,8,0,1.0,1.3056888282299042,1.312395453453064,0.18116665235744261,1.3056888282299042
p10,2,2,arithmetic,8,8,0,1.0,4.221867948770523,4.021512389183044,0.769252641845663,4.221867948770523
p10,2,3,recolor,8,8,0,1.0,3.371207505464554,2.9501359462738037,1.1383189909514815,3.371207505464554
p10,2,4,occlusion,8,7,0,0.875,3.888914793729782,3.7393964529037476,1.152969360600624,3.8653267792293002
p10,2,5,attraction,8,7,0,0.875,3.544313222169876,3.1316384077072144,1.4261845048097357,3.162400960922241
p10,3,1,recolor,8,7,0,0.875,6.618426442146301,6.997139096260071,2.435368024342299,6.2060385431562155
p10,3,2,expansion,8,8,0,1.0,1.4365834295749664,1.2182751893997192,0.6654179111840988,1.4365834295749664
p10,3,3,arithmetic,8,8,0,1.0,3.4386139810085297,3.4932626485824585,0.6997090168977047,3.4386139810085297
p10,3,4,attraction,8,7,0,0.875,3.024972528219223,2.5643874406814575,1.3777239056986266,2.931826659611293
p10,3,5,occlusion,8,7,0,0.875,3.244914323091507,3.0022753477096558,1.4540098313763685,3.200594391141619
p10,4,1,arithmetic,8,8,0,1.0,4.247416108846664,4.099977016448975,1.0287422610024657,4.247416108846664
p10,4,2,attraction,8,8,0,1.0,2.5274530947208405,2.523090124130249,0.6632091958431927,2.5274530947208405
p10,4,3,occlusion,8,8,0,1.0,2.89977964758873,3.288857579231262,1.004961573676004,2.89977964758873
p10,4,4,expansion,8,8,0,1.0,1.7267247438430786,1.5827457904815674,0.6128483042664163,1.7267247438430786
p10,4,5,recolor,8,6,0,0.75,5.335836946964264,5.470524787902832,1.4901080741910904,4.850557923316956
p10,5,1,arithmetic,8,8,0,1.0,4.1025696992874146,4.165067076683044,1.2117393297967938,4.1025696992874146
p10,5,2,recolor,8,6,0,0.75,5.077855199575424,4.731266140937805,1.5911196125530265,4.795202771822612
p10,5,3,occlusion,8,8,0,1.0,3.370135724544525,3.5667896270751953,0.8603406229439409,3.370135724544525
p10,5,4,attraction,8,7,0,0.875,2.0028368532657623,1.7326812744140625,0.6629595626351141,1.8682937281472343
p10,5,5,expansion,8,8,0,1.0,1.614202231168747,1.6363698244094849,0.3354159660336839,1.614202231168747
p10,6,1,expansion,8,8,0,1.0,1.3975434601306915,1.2379848957061768,0.3751797203456154,1.3975434601306915
p10,6,2,attraction,8,6,0,0.75,2.2138607800006866,2.1042585372924805,0.44070059779164894,2.179283340771993
p10,6,3,arithmetic,8,7,0,0.875,3.345933884382248,3.233551859855652,0.7861855836087227,3.2339252744402205
p10,6,4,recolor,8,5,0,0.625,3.7989832758903503,3.8962970972061157,1.5619320518296387,3.8871265411376954
p10,6,5,occlusion,8,7,0,0.875,4.381196141242981,3.726943850517273,2.501030653648833,3.8667893750326976
p10,7,1,recolor,8,8,0,1.0,4.154537856578827,3.889654517173767,0.9747041806383436,4.154537856578827
p10,7,2,arithmetic,8,8,0,1.0,4.48868203163147,4.239430785179138,1.8865915407394844,4.48868203163147
p10,7,3,attraction,8,8,0,1.0,2.8809114694595337,2.4599047899246216,0.988661870228871,2.8809114694595337
p10,7,4,occlusion,8,8,0,1.0,2.172929525375366,2.2155016660690308,0.8209470428063133,2.172929525375366
p10,7,5,expansion,8,8,0,1.0,1.6132040917873383,1.5347213745117188,0.3736125081402864,1.6132040917873383
p10,8,1,attraction,8,7,0,0.875,2.380649745464325,1.8238266706466675,1.501253295777004,2.4350055626460483
p10,8,2,occlusion,8,8,0,1.0,3.2150950729846954,3.060878872871399,1.1774766370261174,3.2150950729846954
p10,8,3,recolor,8,7,0,0.875,3.736153721809387,2.7077579498291016,2.2814610153199406,3.089872121810913
p10,8,4,arithmetic,8,8,0,1.0,3.927285611629486,4.111407518386841,0.6441983840038109,3.927285611629486
p10,8,5,expansion,8,8,0,1.0,1.4074470698833466,1.3804985284805298,0.23016560536746483,1.4074470698833466
