participant,family,rule,n_trials,n_correct,n_timeouts,accuracy,rt_mean,rt_median,rt_sd,rt_mean_correct
p06,arithmetic,majority_takeover,18,18,0,1.0,3.6766818629370794,3.5613527297973633,1.2474251874934648,3.6766818629370794
p06,arithmetic,middle_takeover,15,15,0,1.0,3.9916680812835694,3.4425249099731445,1.3540123811072469,3.9916680812835694
p06,arithmetic,minority_takeover,15,15,0,1.0,3.35698930422465,3.2114884853363037,1.1702076416441662,3.35698930422465
p06,attraction,color_attraction,6,4,0,0.6666666666666666,2.7985809246699014,2.884744644165039,0.5163504717323093,2.7547196745872498
p06,attraction,color_repulsion,10,5,0,0.5,4.287798500061035,3.642170548439026,1.7705812159888048,4.279442882537841
p06,attraction,falling_blocks,10,10,0,1.0,2.8651066064834594,2.6872379779815674,1.0494342179462344,2.8651066064834594
p06,attraction,floating_blocks,8,8,0,1.0,2.889067828655243,2.554293155670166,0.9493568297979008,2.889067828655243
p06,attraction,size_attraction,14,13,0,0.9285714285714286,2.8008627040045604,2.403926372528076,1.2274428952479977,2.73232548053448
p06,expansion,3_arm_star_ray,11,10,0,0.9090909090909091,4.335697759281505,3.935218334197998,2.5184799915084346,3.8220911026000977
p06,expansion,plus_ray,10,10,0,1.0,2.9486762046813966,2.052506923675537,2.14554383100488,2.9486762046813966
p06,expansion,plus_step,7,7,0,1.0,1.8391472271510534,1.8933837413787842,0.7841854447683413,1.8391472271510534
p06,expansion,star_ray,10,9,0,0.9,4.708863639831543,3.657116413116455,3.2333078304104115,4.323573112487793
p06,expansion,star_step,10,10,0,1.0,1.6061123847961425,1.4468497037887573,0.552996974373802,1.6061123847961425
p06,occlusion,mirror_x,13,9,0,0.6923076923076923,5.0235213133005,5.445727109909058,1.6823003062190105,4.731474823421902
p06,occlusion,mirror_y,8,8,0,1.0,4.913637816905975,5.009354472160339,1.847819745248631,4.913637816905975
p06,occlusion,occlusion_reversal,7,6,0,0.8571428571428571,3.449824094772339,3.449392080307007,0.7802882572414004,3.4231759309768677
p06,occlusion,rotate_180,6,6,0,1.0,4.54559584458669,4.366114377975464,1.656923338638373,4.54559584458669
p06,occlusion,rotate_90,14,10,1,0.7142857142857143,4.7727074806506815,4.4964189529418945,1.892550927263763,3.96703097820282
p06,recolor,color_inversion,19,17,0,0.8947368421052632,4.610845252087242,4.381587982177734,1.3750058255301298,4.496562733369715
p06,recolor,shape_color_mapping,17,14,1,0.8235294117647058,5.8155816197395325,5.491079330444336,2.266399125590375,5.6298539979117255
p06,recolor,touching_edges_recolor,12,7,0,0.5833333333333334,5.214739799499512,5.298726439476013,1.4550339380416308,4.60937694140843
p08,arithmetic,majority_takeover,23,23,0,1.0,4.121862846872081,3.9646966457366943,1.490383654412515,4.121862846872081
p08,arithmetic,middle_takeover,17,17,0,1.0,4.586781123105218,4.832326650619507,1.6718526630604196,4.586781123105218
p08,arithmetic,minority_takeover,24,24,0,1.0,3.8524129887421927,3.5979702472686768,1.504018708856365,3.8524129887421927
p08,attraction,color_attraction,10,9,0,0.9,4.492791771888733,4.291609525680542,2.319566520008087,4.007128344641791
p08,attraction,color_repulsion,13,10,1,0.7692307692307693,3.937618911266327,4.490280508995056,2.214010733930469,4.087113833427429
p08,attraction,falling_blocks,13,13,0,1.0,2.7656198831704946,2.223407745361328,1.715585023111382,2.7656198831704946
p08,attraction,floating_blocks,12,11,0,0.9166666666666666,3.325089911619822,3.107173442840576,1.7880350280983495,2.856316501444036
p08,attraction,size_attraction,16,14,0,0.875,3.670186161994934,3.2859110832214355,2.0280938550234207,3.124451228550502
p08,expansion,3_arm_star_ray,15,15,0,1.0,2.4998568375905355,1.9905128479003906,1.544647055727271,2.4998568375905355
p08,expansion,plus_ray,15,15,0,1.0,2.6038742860158286,1.9299702644348145,1.7242416447906044,2.6038742860158286
p08,expansion,plus_step,8,8,0,1.0,2.4440334141254425,2.22195041179657,0.9333015542218538,2.4440334141254425
p08,expansion,star_ray,12,12,0,1.0,3.1194789012273154,2.770533800125122,1.4600001814104882,3.1194789012273154
p08,expansion,star_step,14,14,0,1.0,1.8212673323495048,1.4943134784698486,1.126506463818845,1.8212673323495048
p08,occlusion,mirror_x,12,10,0,0.8333333333333334,5.569743514060974,6.525347709655762,2.475156490322824,5.136168527603149
p08,occlusion,mirror_y,14,13,0,0.9285714285714286,4.539343748773847,4.511420965194702,1.3092100235891302,4.417806056829599
p08,occlusion,occlusion_reversal,16,16,0,1.0,3.519655764102936,3.1811567544937134,1.8241925320633934,3.519655764102936
p08,occlusion,rotate_180,9,6,0,0.6666666666666666,4.716665850745307,3.481281280517578,2.28280779301788,4.028746604919434
p08,occlusion,rotate_90,13,12,0,0.9230769230769231,4.317575583091149,3.9934399127960205,1.313780124089699,4.3523783683776855
p08,recolor,color_inversion,26,25,0,0.9615384615384616,3.8393552119915304,3.508878231048584,1.6078189668147127,3.8865219593048095
p08,recolor,shape_color_mapping,18,13,1,0.7222222222222222,4.854927497751572,4.354119777679443,2.0912629879279083,4.575960251001211
p08,recolor,touching_edges_recolor,20,14,0,0.7,4.238906002044677,3.9391008615493774,2.262701904379637,4.031698874064854
p09,arithmetic,majority_takeover,16,11,0,0.6875,3.4279326647520065,2.5606741905212402,2.2181012719895885,2.4998229200189765
p09,arithmetic,middle_takeover,26,11,0,0.4230769230769231,2.7494208354216356,1.8659549951553345,1.5893006084831265,3.336075110868974
p09,arithmetic,minority_takeover,22,9,1,0.4090909090909091,3.171410844439552,2.4658169746398926,2.3632784970287606,2.9301119645436606
p09,attraction,color_attraction,18,10,3,0.5555555555555556,4.922639099756877,5.535920858383179,3.3123538240603345,4.4099208354949955
p09,attraction,color_repulsion,12,10,1,0.8333333333333334,5.738729758696123,5.7680137157440186,2.0793419555000163,5.766022396087647
p09,attraction,falling_blocks,10,9,1,0.9,3.5324162907070584,3.459667205810547,1.2424205168697573,3.5324162907070584
p09,attraction,floating_blocks,9,8,1,0.8888888888888888,4.811893433332443,4.551102519035339,1.8816875040043397,4.811893433332443
p09,attraction,size_attraction,15,11,1,0.7333333333333333,5.810988426208496,5.156431317329407,1.997234668434474,5.249394395134666
p09,expansion,3_arm_star_ray,10,10,0,1.0,2.2328125476837157,2.1053110361099243,0.5428475732828306,2.2328125476837157
p09,expansion,plus_ray,16,15,0,0.9375,2.6279374212026596,2.338513970375061,1.2149704244253077,2.735067637761434
p09,expansion,plus_step,9,9,0,1.0,2.6225685013665094,1.614112377166748,1.5159039697965182,2.6225685013665094
p09,expansion,star_ray,12,12,0,1.0,3.8322290579477944,3.649151921272278,1.5963049279851746,3.8322290579477944
p09,expansion,star_step,17,16,0,0.9411764705882353,2.5284168159260467,2.5539164543151855,1.069708976596205,2.3278956711292267
p09,occlusion,mirror_x,11,7,2,0.6363636363636364,5.790151119232178,5.743897438049316,2.2787207985660607,5.227132218224662
p09,occlusion,mirror_y,14,10,0,0.7142857142857143,6.629476547241211,7.229564189910889,1.7218146334877533,6.281148457527161
p09,occlusion,occlusion_reversal,10,9,1,0.9,6.0556069480048285,5.931339740753174,2.95828858931594,6.0556069480048285
p09,occlusion,rotate_180,14,11,1,0.7857142857142857,6.420809764128465,6.992488145828247,1.3178309495951608,6.246030547402122
p09,occlusion,rotate_90,15,9,2,0.6,5.836202713159414,5.9882872104644775,2.825261496696691,4.994229952494304
p09,recolor,color_inversion,25,18,2,0.72,5.830098774122155,5.607921361923218,2.003186033297693,6.046504100163777
p09,recolor,shape_color_mapping,17,8,3,0.47058823529411764,6.293523618153164,6.516057252883911,1.4474286290942189,5.609530836343765
p09,recolor,touching_edges_recolor,22,14,2,0.6363636363636364,4.902973532676697,5.3688212633132935,2.68741230538036,5.051300644874573
p10,arithmetic,majority_takeover,17,17,0,1.0,4.5018088396857765,3.826329231262207,1.6785704598968723,4.5018088396857765
p10,arithmetic,middle_takeover,26,25,0,0.9615384615384616,4.246916211568392,4.38400411605835,0.8381106372531969,4.251593093872071
p10,arithmetic,minority_takeover,21,21,0,1.0,3.62767227490743,3.302521228790283,1.0091930970823833,3.62767227490743
p10,attraction,color_attraction,17,14,0,0.8235294117647058,2.5688115007737102,2.146484136581421,1.1471720781676729,2.3789609500340054
p10,attraction,color_repulsion,7,7,0,1.0,4.687511954988752,5.250828266143799,1.7006954522317599,4.687511954988752
p10,attraction,falling_blocks,11,11,0,1.0,2.0945343754508277,2.06203293800354,0.47553319656559984,2.0945343754508277
p10,attraction,floating_blocks,9,9,0,1.0,2.3184652063581677,2.084714889526367,1.043717557785673,2.3184652063581677
p10,attraction,size_attraction,20,17,0,0.85,2.5609016537666323,2.480540633201599,0.7110068355446595,2.4769234517041374
p10,expansion,3_arm_star_ray,15,15,0,1.0,1.5030019283294678,1.4252536296844482,0.36057607239114625,1.5030019283294678
p10,expansion,plus_ray,11,11,0,1.0,1.634728041562167,1.3113269805908203,0.7961797162982159,1.634728041562167
p10,expansion,plus_step,14,14,0,1.0,1.5298634767532349,1.3205676078796387,0.5389498852823918,1.5298634767532349
p10,expansion,star_ray,12,12,0,1.0,1.628079930941264,1.5555164813995361,0.4113961187969975,1.628079930941264
p10,expansion,star_step,12,12,0,1.0,1.5630276600519817,1.6004388332366943,0.3565879957307765,1.5630276600519817
p10,occlusion,mirror_x,10,8,0,0.8,4.257159185409546,3.9869991540908813,1.9461052959622211,4.2885961830616
p10,occlusion,mirror_y,12,12,0,1.0,2.7816749215126038,2.950051426887512,0.7884876327656315,2.7816749215126038
p10,occlusion,occlusion_reversal,14,14,0,1.0,2.9782470805304393,3.279165744781494,0.9183179679028007,2.9782470805304393
p10,occlusion,rotate_180,14,13,0,0.9285714285714286,4.046725579670498,3.7010245323181152,1.5461397083874322,3.7440088162055383
p10,occlusion,rotate_90,14,12,0,0.8571428571428571,3.0297262838908603,2.9519697427749634,1.1346864773218082,2.8547911246617637
p10,recolor,color_inversion,19,14,0,0.7368421052631579,4.786280017150076,4.590912342071533,2.0441950749544917,4.612849695341928
p10,recolor,shape_color_mapping,23,19,0,0.8260869565217391,4.954024967939957,4.507705450057983,1.8428219839658686,4.367495386224044
p10,recolor,touching_edges_recolor,22,20,0,0.9090909090909091,4.398077520457181,3.9250768423080444,1.9343575273237084,4.21503632068634
