participant,family,n_trials,n_correct,n_timeouts,accuracy,rt_mean,rt_median,rt_sd,rt_mean_correct
p06,arithmetic,48,48,0,1.0,3.6752111315727234,3.4209372997283936,1.2574261996234015,3.6752111315727234
p06,attraction,48,40,0,0.8333333333333334,3.1384407728910446,2.75958251953125,1.3216509085322743,2.9924983263015745
p06,expansion,48,46,0,0.9583333333333334,3.191733921567599,2.0970507860183716,2.446618427598685,2.946847511374432
p06,occlusion,48,39,1,0.8125,4.640051501862546,4.4964189529418945,1.6871184665948904,4.342956830293704
p06,recolor,48,38,1,0.7916666666666666,5.175154112754984,5.008169651031494,1.7876386086824678,4.934872658629167
p08,arithmetic,64,64,0,1.0,4.1443130671978,3.8106590509414673,1.5481747210138,4.1443130671978
p08,attraction,64,57,1,0.890625,3.599308899470738,3.0984365940093994,2.0236607300234803,3.299125449699268
p08,expansion,64,64,0,1.0,2.4849956817924976,2.08864688873291,1.449107222061101,2.4849956817924976
p08,occlusion,64,57,0,0.890625,4.457510970532894,3.9928404092788696,1.9184176064033114,4.236994320886177
p08,recolor,64,52,1,0.8125,4.240240047848414,3.8773155212402344,1.9776145206980247,4.097967624664307
p09,arithmetic,64,31,1,0.484375,3.0624046363527815,2.158792018890381,2.0223845957363893,2.9214801942148516
p09,attraction,64,48,7,0.75,5.063269226174605,4.961555004119873,2.3925864899143936,4.787284682194392
p09,expansion,64,62,0,0.96875,2.7648136764764786,2.449136734008789,1.305977288505128,2.7450054191773936
p09,occlusion,64,46,6,0.71875,6.185614766745732,6.697880506515503,2.1898577302808326,5.816440831059995
p09,recolor,64,40,7,0.625,5.618615317762944,5.616868257522583,2.197345450817483,5.610788238048554
p10,arithmetic,64,63,0,0.984375,4.111432649195194,3.8642364740371704,1.201811980157161,4.111138022135174
p10,attraction,64,58,0,0.90625,2.6813512071967125,2.413045287132263,1.2126497945798689,2.622962080199143
p10,expansion,64,64,0,1.0,1.5662252679467201,1.4263640642166138,0.4939610710424523,1.5662252679467201
p10,occlusion,64,59,0,0.921875,3.3862105645239353,3.3495928049087524,1.3909616586871412,3.2595582331641246
p10,recolor,64,53,0,0.828125,4.713118750602007,4.337569713592529,1.919513868176135,4.374774235599446
