participant,session,n_trials,n_correct,n_timeouts,accuracy,rt_mean,rt_median,rt_sd,rt_mean_correct
p06,1,40,30,2,0.75,5.09662043420892,4.889767169952393,1.9905421095843898,4.599075643221537
p06,2,40,35,0,0.875,5.329207903146743,5.350460529327393,2.30801904391071,5.042974472045898
p06,3,40,37,0,0.925,3.9454837083816527,4.061571002006531,1.557646147568453,3.9529617348232784
p06,4,40,36,0,0.9,3.131077468395233,3.0796340703964233,1.1071186088967822,3.0268301831351385
p06,5,40,36,0,0.9,3.636835104227066,3.095245361328125,1.602651872762936,3.405625091658698
p06,6,40,37,0,0.925,2.6549359917640687,2.6281583309173584,1.13914782451232,2.601653524347254
p08,1,40,36,1,0.9,4.298239811872825,3.8732666969299316,1.8477541498097665,4.077908648384942
p08,2,40,37,0,0.925,3.713455867767334,3.2496176958084106,1.8493358765794055,3.5100996429855758
p08,3,40,36,1,0.9,4.224263582474146,3.9972083568573,2.2298947237244024,3.967630816830529
p08,4,40,37,0,0.925,4.377311581373215,4.121362924575806,1.8744578620125472,4.215754960034345
p08,5,40,35,0,0.875,3.953405898809433,3.5900235176086426,2.3666242329122533,3.6878989560263498
p08,6,40,35,0,0.875,3.4186041712760926,3.1246010065078735,1.8351678616613307,3.3244918550763813
p08,7,40,38,0,0.95,3.121725970506668,3.108703136444092,1.417926030874301,3.113392371880381
p08,8,40,40,0,1.0,3.192256844043732,2.9425466060638428,1.4732581747410511,3.192256844043732
p09,1,40,31,1,0.775,5.91811493726877,6.388584613800049,2.4158739058546104,5.494190562155939
p09,2,40,30,1,0.75,4.113099740101741,3.6345627307891846,2.133455762486808,4.352983458836873
p09,3,40,22,7,0.55,4.50516280260953,4.327299118041992,2.507103684281059,4.066875425252047
p09,4,40,28,3,0.7,4.579071463765325,4.314664125442505,2.311854489982216,4.5346256494522095
p09,5,40,25,4,0.625,4.658857537640466,5.01607084274292,2.7385967652487615,4.1539179229736325
p09,6,40,30,1,0.75,4.072896419427334,3.036715507507324,2.5701993034979616,3.763225213686625
p09,7,40,32,2,0.8,4.003488954744841,3.3007454872131348,2.435157694207649,3.7797059789299965
p09,8,40,29,2,0.725,3.9343379422238,4.632786750793457,2.1255022155497874,4.396145171132581
p10,1,40,36,0,0.9,3.9103961050510407,3.7201963663101196,1.824954733406749,3.666206657886505
p10,2,40,38,0,0.95,3.266398459672928,3.194207787513733,1.4219000523978016,3.168005485283701
p10,3,40,37,0,0.925,3.5527021408081056,3.067809820175171,2.2085648383388774,3.3883999038386987
p10,4,40,38,0,0.95,3.3474421083927153,3.2408316135406494,1.615899964297731,3.1661667447341117
p10,5,40,37,0,0.925,3.2335199415683746,3.026721954345703,1.6294036215754628,3.095798215350589
p10,6,40,33,0,0.825,3.0275035083293913,2.680301308631897,1.712081730043279,2.830202514475042
p10,7,40,40,0,1.0,3.062052994966507,2.8805631399154663,1.5468110775246966,3.062052994966507
p10,8,40,38,0,0.95,2.933326244354248,2.632014751434326,1.60094386503596,2.8177043638731303
